name,dateOfBirth,phone,address,creditCardNumber,email
Paulo CorrÃªa,2010-03-19,(+22) 402-156-05-36,874 Facilisis Ave,6472374538912534,mauris.morbi.non@protonmail.couk
Drake Pugh,2012-11-24,+00 00 0 0000-0000,Ap #589-9459 Elit. Avenue,5638534476146855,pede.blandit@google.edu
Vanna Gross,1980-09-02,(+78) 774-476-73-66,"P.O. Box 682, 2777 Vitae Street",545 24585 46829 832,ut.cursus@protonmail.ca
Aurelia Dillon,2014-08-10,(+41) 361-357-82-67,709-8442 Nisi. St.,633 48257 42943 837,lorem.ipsum.dolor@protonmail.com
Genevieve Cash,1985-12-31,(+69) 232-337-61-12,"Ap #203-9640 At, St.",367223584422529,ac.eleifend@yahoo.couk
Farrah Madden,2005-01-31,(+34) 301-822-81-26,"Ap #742-2695 Sed, St.",3779 854554 27484,magna@yahoo.edu
Linus Nieves,1985-02-16,(+22) 152-045-58-66,712-8722 Feugiat. St.,491743 4546634547,tincidunt.donec.vitae@yahoo.edu
Margaret Cortez,1994-02-06,(+05) 166 477 45 11 18,6426 Duis Road,214968352417523,nulla@icloud.com
Elaine Bowman,2001-02-06,(+54) 447 315 66 82 11,299-3838 Id Ave,601196 5928326629,ultrices.sit@aol.couk
Vladimir Frazier,2003-03-17,(+28) 424 057 19 58 55,"P.O. Box 291, 4814 Rhoncus. Street",3776 293545 37783,in.aliquet.lobortis@icloud.ca
Tamara Slater,1982-06-14,(+57) 771 537 82 15 96,Ap #254-5143 Netus Road,4556 6868 1651 3877,tortor@yahoo.couk
Brent Whitehead,1993-06-21,(+01) 586-734-72-44,2947 Consectetuer Road,633443483175565286,cum.sociis@aol.edu
Brennan Levy,1987-03-13,(+51) 785-861-20-69,"986-7493 A, St.",3453 174925 24728,risus.quisque@protonmail.net
Hyacinth William,2017-11-14,(+57) 582 329 51 65 55,Ap #190-6788 Quam Street,63041846832824768,in.mi.pede@outlook.edu
Harlan Newman,2013-03-22,(+53) 426-556-38-17,874-7641 Mattis Avenue,3036 448279 31264,fermentum.metus.aenean@protonmail.edu
Nadine Payne,1981-08-17,(+55) 124-236-35-63,Ap #559-181 Libero Rd.,633 11036 69754 527,aliquam.arcu@google.net
Charles Contreras,1987-02-23,(+21) 140 781 35 95 72,Ap #143-2041 Dictum. Street,633422 282366 3718,fermentum@outlook.couk
Cara Rojas,2011-04-08,(+62) 656-527-34-34,Ap #560-5683 Duis Ave,3644 364183 79490,ante.maecenas.mi@yahoo.org
Hadassah Bowers,1992-07-12,(+26) 677-103-96-81,Ap #793-3299 Ante Street,3456 338371 42434,semper.pretium@icloud.com
Nicholas Miles,1994-06-10,(+54) 349-705-39-93,Ap #541-380 Elit. Avenue,676794 9145687860,mauris@google.com
Adrian Brennan,1999-12-11,(+56) 010-586-16-59,706 Donec St.,582 73764 74954 851,lorem.ipsum.sodales@aol.couk
Dawn Atkinson,2018-12-18,(+40) 182-677-14-68,Ap #515-6161 Auctor Rd.,3462 886873 84674,integer.sem.elit@icloud.net
Keefe Conway,2017-03-05,(+15) 477 735 71 77 62,460-4969 Amet Rd.,2014 756515 24228,et.magnis@aol.com
Rina Mckay,2022-04-08,(+60) 077-614-32-28,"P.O. Box 968, 787 Dis St.",6304177234738218,magnis.dis.parturient@icloud.com
Adam Cross,1991-04-14,(+92) 659 104 82 39 20,112-722 Urna. Ave,676194 623236 2221,nam.consequat@aol.org
Jonas Adams,1982-05-28,(+21) 244-538-73-31,"8014 A, Ave",644838 7154832522,mauris.erat@hotmail.net
Melinda Guerrero,2021-11-30,(+17) 662 718 33 59 63,Ap #269-6288 Eget Rd.,490346337118364553,nunc@icloud.couk
Evelyn Chen,1991-06-13,(+61) 821-722-13-07,422-857 Duis Ave,63042848394226795,turpis.in.condimentum@outlook.edu
Adria Branch,2009-07-09,(+36) 611-524-51-68,232-9216 Laoreet Rd.,670665 7266633779,vestibulum@icloud.ca
Deacon Harris,1980-08-08,(+57) 457-463-74-76,237-6228 Malesuada Rd.,305646788933336,ut.nec.urna@protonmail.edu
Alyssa Levine,1996-02-15,(+02) 362 765 28 64 12,Ap #665-2834 Cursus Road,3497 488434 21352,nulla.eu@google.ca
April Gilmore,1996-01-22,(+57) 696-028-50-78,"Ap #587-7223 Lorem, Avenue",542 39963 87864 992,nunc.pulvinar@outlook.com
Molly Barnett,2002-06-27,(+32) 892 848 84 12 10,526-7096 Netus St.,4024 0071 5288 2632,bibendum@hotmail.ca
Malik Warner,2009-11-04,(+91) 395 076 57 28 48,743-3208 Viverra. Street,535627 182774 4712,vulputate@yahoo.couk
Xantha Noel,1992-04-28,(+62) 774-322-88-46,"P.O. Box 549, 4278 Fusce Rd.",371861264423525,ipsum.porta@outlook.org
Jonas Petersen,1980-11-18,(+72) 237-292-67-85,"P.O. Box 155, 9967 Quis Avenue",3024 352554 79335,pharetra.felis@hotmail.couk
Inez Rowe,2007-12-31,(+57) 673-456-42-29,2211 Et St.,50386577227741320,non.magna@aol.couk
Maggie Gibbs,1990-09-04,(+33) 556-351-15-47,205-7038 Feugiat St.,5038717228275439,feugiat.sed@protonmail.edu
Cruz Mosley,2013-04-21,(+29) 423 124 43 21 45,Ap #503-3000 Ridiculus Rd.,4844 1595 4912 7722,duis.mi@yahoo.couk
Rebecca Key,2012-01-23,(+71) 457-307-67-37,6994 Nunc St.,3014 669848 63284,eros.nam@google.couk
Keegan Ferguson,1996-09-03,(+53) 792 278 16 11 39,231-4967 Morbi Street,4485 389 67 1911,nec.euismod@hotmail.net
Anthony Levine,2013-03-23,(+90) 468 860 45 27 68,"Ap #460-1258 Lorem, St.",5598 3347 3375 5723,donec.elementum@yahoo.net
Asher Drake,2018-12-02,(+77) 631 163 92 67 11,Ap #321-5325 Morbi Road,67097425594431858,duis.risus@protonmail.edu
Liberty Gould,1980-11-04,(+66) 042 574 62 69 81,Ap #350-8494 At St.,535155 2873744275,quisque.fringilla.euismod@icloud.ca
Dawn Pruitt,1986-10-03,(+35) 242 346 71 65 07,604-2467 Adipiscing Street,455682 7486894615,a.purus@aol.ca
Charity Hayes,1984-09-19,(+78) 354-966-75-46,"P.O. Box 428, 5258 Eros St.",346588547836221,fusce.mollis@hotmail.net
Ocean Gonzales,2005-01-22,(+83) 366-174-89-85,Ap #608-8050 Et Avenue,3769 186266 13345,nullam.ut.nisi@hotmail.com
Debra Webster,1997-01-25,(+38) 965-848-66-84,"P.O. Box 181, 9167 Sed St.",2149 388176 72590,pulvinar.arcu.et@aol.org
Avram Greene,1983-12-12,(+22) 778 056 50 14 65,Ap #291-3449 Tempor St.,4539461348655,ut.dolor@yahoo.org
Lars Blackwell,2013-01-16,(+26) 868 553 60 20 46,"358-2295 Vitae, Rd.",676721494639926354,arcu@icloud.com
Quin Hewitt,1985-06-13,(+67) 784-859-54-62,4937 Tristique Rd.,6767736212748471,nec@outlook.org
John Ratliff,1979-08-19,(+48) 284-992-23-48,368-6980 Lacus. St.,6706525333344789,ac.libero@outlook.edu
Aileen Huffman,2007-10-19,(+44) 247 415 55 81 89,9006 Eu Rd.,5782 523728 67477,mauris@hotmail.ca
Zephr Sampson,2019-03-29,(+83) 287 332 27 20 13,963-2987 Eu St.,450 88222 21547 627,nunc@hotmail.net
Ignacia Spence,2000-05-02,(+86) 437-796-54-18,"P.O. Box 577, 422 In Av.",6759825244545452458,justo@aol.ca
Merritt Ramsey,2003-08-09,(+15) 064 857 90 48 01,836-8576 Eget Avenue,526 55995 83976 767,malesuada@yahoo.ca
Ramona Whitehead,2019-09-07,(+46) 798-788-21-07,829-7192 Risus. St.,4175007243212119,eu.dui@outlook.ca
May Wood,1993-05-16,(+62) 482-841-38-11,2194 Pede St.,3049 895189 87888,bibendum@yahoo.couk
Shay Terry,1988-04-14,(+23) 807-562-84-42,Ap #218-3622 Lacus. Av.,6759371356761615226,rutrum.justo.praesent@icloud.ca
Tyler Mcmillan,2011-01-23,(+62) 936 252 20 83 78,Ap #145-3342 Est Av.,2014 538427 33156,nascetur.ridiculus@hotmail.net
Damian Cox,1999-12-09,(+15) 897-422-84-35,"Ap #574-8090 Ac, Rd.",676735 861836 7242,a.purus@outlook.ca
Hedda Faulkner,2010-09-26,(+27) 584 466 31 13 82,Ap #216-1435 Lacus. Ave,363557422176258,augue@yahoo.com
Noel Garrison,2015-06-20,(+57) 807 523 42 14 47,1041 Lacus. St.,503888 661468 6929,morbi.neque.tellus@protonmail.com
Brett Christian,2014-02-05,(+60) 480-613-72-54,"9708 Orci, Ave",4539688658480,ultrices.duis.volutpat@outlook.couk
Anthony Galloway,1980-02-23,(+21) 135-237-23-43,"P.O. Box 166, 900 Ipsum St.",3699 345985 81658,luctus@protonmail.edu
Ivana Harding,1985-10-04,(+32) 629-262-11-85,912-769 Id Road,3022 765533 19413,nulla.semper@outlook.ca
Russell Donovan,2001-02-14,(+15) 220 647 43 37 01,102-5678 Fusce Street,670955 2239186236,non.enim.commodo@hotmail.net
Odette Rich,1982-11-28,(+75) 876 206 02 46 53,386-2760 Proin Street,630432 42 2275 3474 779,accumsan@icloud.ca
Cassidy Bush,2005-05-24,(+39) 713-015-65-28,"P.O. Box 433, 8782 In St.",378657279523843,id@icloud.org
Jonah Wiley,2011-03-17,(+25) 758-415-22-48,137-8684 Primis Rd.,4175 0042 5728 6147,metus.sit.amet@hotmail.edu
Elton Gallagher,2016-10-25,(+39) 623-624-36-23,927-8933 Ut Road,4508 7657 4736 9457,in@icloud.edu
Ishmael Carson,2005-06-09,(+89) 743-428-01-22,Ap #833-7843 Sem Rd.,402636 153612 7745,vel.faucibus.id@hotmail.ca
Glenna Prince,2019-07-07,(+88) 749-294-68-75,"P.O. Box 373, 1861 Ipsum Av.",676742 86 6576 8921 338,nunc.risus@icloud.ca
Ezra Kelly,1985-04-19,(+49) 377-743-11-66,515-3230 Proin Av.,2149 168566 62359,consequat.purus@aol.org
Bert Tanner,1993-11-28,(+43) 122 788 61 62 74,"P.O. Box 588, 3120 Vulputate, Road",63044652344321,faucibus@icloud.net
Boris Santiago,2019-12-24,(+65) 120-627-64-09,"P.O. Box 249, 2868 Eleifend Avenue",633431436798794265,tortor@google.couk
Vernon Gray,1993-05-16,(+92) 414-493-75-45,Ap #277-8012 Aliquam St.,676793 484533 9657,ipsum@yahoo.couk
Constance Guzman,2003-12-08,(+52) 971 545 80 47 71,"P.O. Box 311, 9671 Cum Street",453985 1375222557,eleifend.non.dapibus@outlook.com
Kyra Jarvis,2012-12-02,(+16) 398 888 14 62 15,267-1708 Habitant Street,633418 25 8284 6139 285,arcu@outlook.edu
Aquila Valenzuela,2003-10-12,(+57) 391 551 46 51 49,472-2540 Consectetuer Road,6487 6344 6342 3150,vel@outlook.org
Maite Munoz,1980-10-02,(+54) 191-916-64-58,"P.O. Box 668, 3668 Magnis Road",6304 382668 3531,eu.odio.phasellus@hotmail.ca
Regina Roy,2011-01-24,(+54) 456-348-41-98,Ap #204-9683 Vehicula. Ave,3037 162215 46771,mauris.ipsum@hotmail.com
Heidi Allison,1995-03-24,(+49) 825-712-22-24,"P.O. Box 295, 1730 Facilisis Ave",573 23938 74687 860,luctus.aliquet.odio@hotmail.org
Kimberley Snider,2016-08-13,(+33) 817-118-32-21,Ap #869-6578 Sem. Rd.,214966694456340,dolor.quam@hotmail.couk
Shad Hebert,2014-03-16,(+04) 575 586 53 18 34,Ap #854-4821 Praesent Street,676727 56 2243 5775 237,risus.quis@outlook.ca
Clark Coffey,1985-12-09,(+19) 557-546-85-77,187-4063 Vehicula Rd.,3769 741354 53434,tempor@icloud.ca
Ulric Jimenez,2023-03-18,(+17) 457-336-77-77,"Ap #927-6901 Id, Avenue",630482 755561 5771,ante.ipsum@hotmail.org
Camden Mason,2018-07-14,(+29) 570 860 14 84 16,"648-9141 Pharetra, Avenue",4716 9367 9773 4381,augue@icloud.edu
Clark Jones,1992-08-05,(+10) 931-205-43-24,2719 Duis Av.,3788 238946 79895,in@google.ca
Stephanie Winters,2016-05-20,(+27) 656 220 85 32 62,"P.O. Box 946, 8691 Dis Ave",363828648548376,ac.sem@aol.couk
Uriel Pate,2010-09-02,(+21) 681-765-05-13,106-6074 Proin St.,483 82768 81845 386,aenean@outlook.org
Quinn Perez,1983-01-29,(+55) 715 830 95 45 32,986-9836 Orci. Rd.,4905 1553 4571 6326,tempus.scelerisque@outlook.net
Stewart Cash,1998-04-27,(+22) 896 890 30 94 29,Ap #464-4915 Cras Street,5222 5324 7426 2452,cursus.et.magna@yahoo.net
Felicia Justice,2020-02-17,(+15) 439-181-83-71,Ap #307-9772 Hendrerit Avenue,58617163772539,tristique.pellentesque@aol.couk
Yuli Clay,2013-12-09,(+69) 055-817-31-15,4857 Ut Rd.,300541584478575,neque.sed@hotmail.couk
Selma Zimmerman,1988-08-09,(+68) 783-699-68-34,Ap #296-4888 Nunc Rd.,214973271444723,est.nunc.laoreet@outlook.edu
Lesley Ball,2020-08-04,(+47) 678-733-80-31,835-2851 Libero. Rd.,201478393638835,rhoncus.proin@outlook.couk
Leonard Bryant,2021-04-26,(+40) 666-651-75-97,Ap #378-6847 Mauris Ave,601183 7394872149,eu.sem@outlook.net
Ralph Paul,2006-01-23,(+65) 313 375 85 61 86,"P.O. Box 756, 6166 Rutrum, St.",374926346644278,donec.vitae@google.ca
Christian Palmer,1995-07-15,(+48) 454 402 67 49 14,830-2809 Ultrices Street,2014 585824 63955,quis@hotmail.ca
